{
  "title": "Formas de pagamento",
  "meta_title": "Formas de pagamento",
  "meta_description": "Formas de pagamento",
  "body": "O pagamento de suas compras poderá ser efetuado por cartões de crédito ou débito, PIX, e boleto bancário. A política de parcelamento pode alterar, consulte-a no momento da compra para saber a quantidade de parcelas e o valor da parcela mínima. Toda a operação é feita em ambiente totalmente seguro.\n\n***CARTÕES DE CRÉDITO:*** ACEITAMOS OS CARTÕES DE CRÉDITO MASTERCARD, VISA, DINERS, HIPERCARD, SICREDI CRÉDITO, CABAL CRÉDITO, CUP, CREDSYSTEM, ELO, BANESCARD. PARA GARANTIR A SUA SEGURANÇA, CONTAMOS COM O SUPORTE ESPECIALIZADO. O PRAZO PARA ANÁLISE DE CRÉDITO É DE ATÉ 03 (TRÊS) DIAS ÚTEIS APÓS A REALIZAÇÃO DO PEDIDO. CASO HAJA A RECUSA PELA OPERADORA DE CARTÃO, O PEDIDO SERÁ CANCELADO AUTOMATICAMENTE, E LHE ENVIAREMOS A INFORMAÇÃO POR E-MAIL, PORTANTO, É IMPORTANTE DEIXAR SEUS DADOS JUNTO A OPERADORA DE CARTÃO, SEMPRE ATUALIZADOS. SENDO ASSIM, CASO SEU PEDIDO SEJA CANCELADO, REVEJA SE OS DADOS INFORMADOS DURANTE O ATO DA COMPRA ESTÃO CORRETOS E CASO ESTEJAM, ENTRE EM CONTATO COM SUA OPERADORA PARA OBTER INFORMAÇÕES. OBS.: APÓS A FINALIZAÇÃO DE SUA COMPRA, AS OPÇÕES DE PAGAMENTO E PARCELAMENTO NÃO PODERÃO SER ALTERADAS.\n\n***BOLETO BANCÁRIO:*** ESTA FORMA DE PAGAMENTO NÃO OFERECE PARCELAMENTO, TENDO VALOR ÚNICO PARA PAGAMENTO À VISTA. O BOLETO TEM PRAZO DE VENCIMENTO DE 02 (DOIS) DIAS CORRIDOS APÓS A CONFIRMAÇÃO DO PEDIDO. CASO NÃO HAJA PAGAMENTO DO BOLETO, O PEDIDO SERÁ AUTOMATICAMENTE CANCELADO. A CONFIRMAÇÃO DA QUITAÇÃO PELO BANCO, PODERÁ OCORRER EM ATÉ 5 (CINCO) DIAS ÚTEIS APÓS O PAGAMENTO.\n\n**IMPORTANTE:** O envio do produto acontece somente após a efetivação do pagamento.\n\nA﻿tenciosamente, Equipe Très Femme.",
  "sections": [
    {
      "type": "breadcrumbs",
      "enabled": true
    },
    {
      "type": "extra-page",
      "enabled": true
    }
  ]
}