{
  "title": "Trocas e devoluções",
  "meta_title": "Trocas e devoluções",
  "meta_description": "Trocas e devoluções",
  "body": "ENTENDA A POLÍTICA DE TROCA E DEVOLUÇÃO\n\nOlá, querido cliente. Nós da **Très** **Femme** desejamos manter uma parceria de sucesso com nossos clientes. Por esta Política explicamos os procedimentos necessários, caso deseje desistir de sua compra realizada de forma não presencial além de descrever as condições de substituição dos produtos caso seja constatada alguma falha. \n\nPedimos que leia com atenção e entre em contato conosco caso tenha alguma dúvida.\n\n\n\n### **Como solicitar uma troca ou devolução**\n\nPara solicitar a troca ou a devolução de um produto você deverá entrar em contato pelo e-mail *[exclusivefemme@outlook.com](mailto:restaurapisomaringa@gmail.com)*\n\n### **Confira abaixo as condições de troca e devolução:**\n\n#### **1.Devolução por Arrependimento**\n\nDe acordo com o Código de Defesa do Consumidor, é possível devolver um produto por desistência no prazo de até 7 (sete) dias corridos após o seu recebimento.\n\nO pedido de devolução deve ser feito também através de e-mail. Após a solicitação, será realizada a coleta do produto no endereço indicado ou indicado outro meio para envio pelo cliente, de forma gratuita. Recebido o produto, ele será analisado para verificar se encontra-se em perfeitas condições de uso e, se este for o caso, o valor pago será estornado seguindo as condições descritas no item “Estorno dos Valores” a seguir.\n\n#### **2.Produto com defeito**\n\nApós o recebimento do cliente do produto, caso algum problema seja constatado no produto, a troca poderá ser solicitada pelo cliente em até 20 dias. Lembrando que nossa equipe poderá solicitar evidências que comprovem defeito no produto e/ou a realização de testes prévios. \n\nApós a solicitação de troca de um produto com defeito, será realizada a coleta no endereço indicado ou indicado outro meio para envio pelo cliente, de forma gratuita.\n\nRecebido o produto, será analisado se o defeito é resultante de mau uso, caso positivo, enviaremos ao cliente um orçamento para análise prévia e autorização do conserto. O custo da manutenção deverá ser pago integralmente pelo cliente.\n\nJá em relação a defeito de fabricação, nos responsabilizaremos pelo reparo no prazo estabelecido pelo Código de Defesa do Consumidor ou pela substituição do produto por outro da mesma espécie e características e, havendo indisponibilidade deste, poderá será restituído o valor ou substituição por produto semelhante.\n\n#### **3.Estorno dos valores**\n\nO estorno dos valores será realizado em até 7 (sete) dias úteis após análise do produto.\n\nO prazo para reembolso na fatura do cliente varia de acordo com o banco, e após a solicitação de estorno fica sob responsabilidade exclusiva do banco emissor do cartão.",
  "sections": [
    {
      "type": "breadcrumbs",
      "enabled": true
    },
    {
      "type": "page-title"
    },
    {
      "type": "extra-page",
      "enabled": true
    }
  ]
}