{
  "meta_title": "",
  "meta_description": "",
  "sections": [
    {
      "type": "breadcrumbs",
      "enabled": true
    },
    {
      "type": "banner-slider",
      "autoplay": 9000,
      "full_width": true,
      "slides": [
        {
          "start": "",
          "end": "",
          "img": "/img/uploads/banner-full-screen-2-.jpg",
          "mobile_img": "/img/uploads/banner-full-screen-2-.jpg"
        },
        {
          "start": "",
          "end": "",
          "img": "/img/uploads/banner-full-screen.jpg",
          "mobile_img": "/img/uploads/banner-full-screen.jpg"
        },
        {
          "start": "",
          "end": "",
          "img": "/img/uploads/5.jpg",
          "link": "https://chat.whatsapp.com/KEvrllmrkD8LNhDJrhN000",
          "mobile_img": "/img/uploads/5.jpg"
        }
      ]
    },
    {
      "type": "info-bar",
      "enabled": true
    },
    {
      "type": "dynamic-showcase",
      "load_more": false,
      "sort": "news"
    }
  ]
}